method,run,seed,cp,cj,dimers_at_cp,dimers_at_cj,h_at_cj,v_at_cj,lr_at_cp,tb_at_cp
bez_permutacji,1,20260525,0.5474,0.903,2737,4515,2297,2218,False,True
bez_permutacji,2,20260526,0.5428,0.9054,2714,4527,2373,2154,True,False
bez_permutacji,3,20260527,0.548,0.9096,2740,4548,2252,2296,False,True
bez_permutacji,4,20260528,0.5512,0.9014,2756,4507,2313,2194,False,True
bez_permutacji,5,20260529,0.5494,0.9032,2747,4516,2255,2261,False,True
bez_permutacji,6,20260530,0.5578,0.9066,2789,4533,2263,2270,False,True
bez_permutacji,7,20260531,0.5176,0.9072,2588,4536,2316,2220,True,False
bez_permutacji,8,20260532,0.5512,0.9002,2756,4501,2232,2269,True,False
bez_permutacji,9,20260533,0.5552,0.909,2776,4545,2252,2293,True,False
bez_permutacji,10,20260534,0.559,0.9054,2795,4527,2347,2180,False,True
bez_permutacji,11,20260535,0.5466,0.9066,2733,4533,2307,2226,True,False
bez_permutacji,12,20260536,0.5578,0.9078,2789,4539,2244,2295,False,True
bez_permutacji,13,20260537,0.5434,0.9016,2717,4508,2321,2187,True,False
bez_permutacji,14,20260538,0.5548,0.9044,2774,4522,2233,2289,True,False
bez_permutacji,15,20260539,0.5472,0.9078,2736,4539,2271,2268,True,False
bez_permutacji,16,20260540,0.56,0.9076,2800,4538,2288,2250,False,True
bez_permutacji,17,20260541,0.5392,0.908,2696,4540,2341,2199,False,True
bez_permutacji,18,20260542,0.5724,0.91,2862,4550,2312,2238,True,False
bez_permutacji,19,20260543,0.5346,0.905,2673,4525,2275,2250,False,True
bez_permutacji,20,20260544,0.5426,0.9048,2713,4524,2293,2231,False,True
bez_permutacji,21,20260545,0.5714,0.9086,2857,4543,2217,2326,True,False
bez_permutacji,22,20260546,0.5192,0.902,2596,4510,2243,2267,True,False
bez_permutacji,23,20260547,0.5714,0.9012,2857,4506,2277,2229,True,True
bez_permutacji,24,20260548,0.547,0.9092,2735,4546,2267,2279,False,True
bez_permutacji,25,20260549,0.5526,0.9076,2763,4538,2252,2286,True,False
bez_permutacji,26,20260550,0.5462,0.9006,2731,4503,2282,2221,False,True
bez_permutacji,27,20260551,0.5572,0.9086,2786,4543,2288,2255,True,False
bez_permutacji,28,20260552,0.5628,0.908,2814,4540,2258,2282,False,True
bez_permutacji,29,20260553,0.556,0.9056,2780,4528,2248,2280,False,True
bez_permutacji,30,20260554,0.5472,0.9074,2736,4537,2228,2309,True,False
bez_permutacji,31,20260555,0.5334,0.9058,2667,4529,2253,2276,False,True
bez_permutacji,32,20260556,0.5306,0.9098,2653,4549,2285,2264,True,False
bez_permutacji,33,20260557,0.5566,0.9104,2783,4552,2209,2343,True,False
bez_permutacji,34,20260558,0.5646,0.9082,2823,4541,2362,2179,True,True
bez_permutacji,35,20260559,0.5658,0.909,2829,4545,2301,2244,True,True
bez_permutacji,36,20260560,0.5438,0.9098,2719,4549,2297,2252,True,False
bez_permutacji,37,20260561,0.5448,0.908,2724,4540,2267,2273,False,True
bez_permutacji,38,20260562,0.5442,0.904,2721,4520,2242,2278,True,False
bez_permutacji,39,20260563,0.5412,0.9082,2706,4541,2294,2247,True,False
bez_permutacji,40,20260564,0.5662,0.9114,2831,4557,2310,2247,True,False
bez_permutacji,41,20260565,0.5656,0.9102,2828,4551,2269,2282,False,True
bez_permutacji,42,20260566,0.538,0.9056,2690,4528,2289,2239,True,True
bez_permutacji,43,20260567,0.5692,0.9048,2846,4524,2225,2299,False,True
bez_permutacji,44,20260568,0.5558,0.9072,2779,4536,2303,2233,True,False
bez_permutacji,45,20260569,0.5604,0.9074,2802,4537,2313,2224,True,False
bez_permutacji,46,20260570,0.5766,0.9114,2883,4557,2295,2262,True,True
bez_permutacji,47,20260571,0.5538,0.9048,2769,4524,2267,2257,True,False
bez_permutacji,48,20260572,0.5476,0.903,2738,4515,2265,2250,False,True
bez_permutacji,49,20260573,0.5404,0.9074,2702,4537,2252,2285,True,True
bez_permutacji,50,20260574,0.5378,0.9064,2689,4532,2270,2262,False,True
bez_permutacji,51,20260575,0.5568,0.9098,2784,4549,2258,2291,False,True
bez_permutacji,52,20260576,0.5674,0.906,2837,4530,2270,2260,False,True
bez_permutacji,53,20260577,0.569,0.9052,2845,4526,2179,2347,False,True
bez_permutacji,54,20260578,0.5454,0.9054,2727,4527,2340,2187,True,False
bez_permutacji,55,20260579,0.558,0.9114,2790,4557,2241,2316,True,False
bez_permutacji,56,20260580,0.5584,0.905,2792,4525,2315,2210,False,True
bez_permutacji,57,20260581,0.557,0.9058,2785,4529,2249,2280,False,True
bez_permutacji,58,20260582,0.5844,0.9042,2922,4521,2254,2267,False,True
bez_permutacji,59,20260583,0.561,0.9072,2805,4536,2210,2326,True,False
bez_permutacji,60,20260584,0.5334,0.9096,2667,4548,2329,2219,False,True
bez_permutacji,61,20260585,0.5448,0.9028,2724,4514,2210,2304,False,True
bez_permutacji,62,20260586,0.5614,0.9066,2807,4533,2282,2251,True,False
bez_permutacji,63,20260587,0.521,0.9038,2605,4519,2206,2313,True,False
bez_permutacji,64,20260588,0.5624,0.9094,2812,4547,2276,2271,False,True
bez_permutacji,65,20260589,0.5538,0.9036,2769,4518,2288,2230,True,True
bez_permutacji,66,20260590,0.5522,0.9032,2761,4516,2304,2212,False,True
bez_permutacji,67,20260591,0.552,0.9082,2760,4541,2206,2335,False,True
bez_permutacji,68,20260592,0.54,0.9074,2700,4537,2300,2237,True,False
bez_permutacji,69,20260593,0.5516,0.904,2758,4520,2208,2312,False,True
bez_permutacji,70,20260594,0.5672,0.9044,2836,4522,2273,2249,True,True
bez_permutacji,71,20260595,0.5534,0.907,2767,4535,2236,2299,True,False
bez_permutacji,72,20260596,0.5562,0.9076,2781,4538,2323,2215,False,True
bez_permutacji,73,20260597,0.565,0.9054,2825,4527,2282,2245,True,False
bez_permutacji,74,20260598,0.5232,0.9068,2616,4534,2289,2245,False,True
bez_permutacji,75,20260599,0.5396,0.904,2698,4520,2250,2270,False,True
bez_permutacji,76,20260600,0.5622,0.9016,2811,4508,2282,2226,True,False
bez_permutacji,77,20260601,0.5432,0.9076,2716,4538,2267,2271,True,False
bez_permutacji,78,20260602,0.5832,0.9084,2916,4542,2266,2276,False,True
bez_permutacji,79,20260603,0.535,0.9048,2675,4524,2264,2260,False,True
bez_permutacji,80,20260604,0.5258,0.908,2629,4540,2309,2231,True,False
bez_permutacji,81,20260605,0.5454,0.9092,2727,4546,2231,2315,True,False
bez_permutacji,82,20260606,0.5662,0.9044,2831,4522,2255,2267,True,True
bez_permutacji,83,20260607,0.5646,0.9068,2823,4534,2274,2260,False,True
bez_permutacji,84,20260608,0.545,0.9032,2725,4516,2257,2259,False,True
bez_permutacji,85,20260609,0.5432,0.9086,2716,4543,2320,2223,True,False
bez_permutacji,86,20260610,0.5694,0.9006,2847,4503,2265,2238,True,False
bez_permutacji,87,20260611,0.5442,0.908,2721,4540,2274,2266,True,False
bez_permutacji,88,20260612,0.524,0.9038,2620,4519,2280,2239,False,True
bez_permutacji,89,20260613,0.5538,0.9062,2769,4531,2325,2206,False,True
bez_permutacji,90,20260614,0.544,0.9024,2720,4512,2272,2240,True,False
bez_permutacji,91,20260615,0.5584,0.9066,2792,4533,2303,2230,False,True
bez_permutacji,92,20260616,0.5588,0.9102,2794,4551,2253,2298,True,False
bez_permutacji,93,20260617,0.5648,0.9076,2824,4538,2273,2265,True,False
bez_permutacji,94,20260618,0.5462,0.9094,2731,4547,2306,2241,True,False
bez_permutacji,95,20260619,0.5758,0.9074,2879,4537,2214,2323,True,True
bez_permutacji,96,20260620,0.5724,0.9032,2862,4516,2292,2224,True,False
bez_permutacji,97,20260621,0.5616,0.9062,2808,4531,2291,2240,False,True
bez_permutacji,98,20260622,0.5456,0.9134,2728,4567,2320,2247,True,False
bez_permutacji,99,20260623,0.5452,0.907,2726,4535,2338,2197,False,True
bez_permutacji,100,20260624,0.5572,0.9048,2786,4524,2210,2314,True,False
bez_permutacji,101,20260625,0.5546,0.9054,2773,4527,2255,2272,False,True
bez_permutacji,102,20260626,0.5608,0.9084,2804,4542,2361,2181,True,True
bez_permutacji,103,20260627,0.5462,0.9006,2731,4503,2226,2277,True,True
bez_permutacji,104,20260628,0.5582,0.908,2791,4540,2274,2266,False,True
bez_permutacji,105,20260629,0.5298,0.905,2649,4525,2235,2290,True,False
bez_permutacji,106,20260630,0.5478,0.906,2739,4530,2235,2295,False,True
bez_permutacji,107,20260631,0.5422,0.9066,2711,4533,2248,2285,False,True
bez_permutacji,108,20260632,0.5372,0.9084,2686,4542,2233,2309,True,True
bez_permutacji,109,20260633,0.5806,0.908,2903,4540,2245,2295,True,True
bez_permutacji,110,20260634,0.553,0.9062,2765,4531,2281,2250,False,True
bez_permutacji,111,20260635,0.5428,0.9076,2714,4538,2253,2285,False,True
bez_permutacji,112,20260636,0.5526,0.9058,2763,4529,2234,2295,False,True
bez_permutacji,113,20260637,0.5592,0.9066,2796,4533,2248,2285,False,True
bez_permutacji,114,20260638,0.5386,0.9068,2693,4534,2299,2235,False,True
bez_permutacji,115,20260639,0.5496,0.9046,2748,4523,2281,2242,False,True
bez_permutacji,116,20260640,0.544,0.9046,2720,4523,2257,2266,False,True
bez_permutacji,117,20260641,0.556,0.9046,2780,4523,2295,2228,False,True
bez_permutacji,118,20260642,0.5222,0.9052,2611,4526,2227,2299,False,True
bez_permutacji,119,20260643,0.5658,0.909,2829,4545,2271,2274,True,False
bez_permutacji,120,20260644,0.489,0.9062,2445,4531,2249,2282,False,True
bez_permutacji,121,20260645,0.5718,0.9066,2859,4533,2264,2269,False,True
bez_permutacji,122,20260646,0.547,0.9102,2735,4551,2285,2266,True,True
bez_permutacji,123,20260647,0.5414,0.9042,2707,4521,2221,2300,False,True
bez_permutacji,124,20260648,0.5134,0.9076,2567,4538,2268,2270,False,True
bez_permutacji,125,20260649,0.5288,0.9108,2644,4554,2219,2335,False,True
bez_permutacji,126,20260650,0.5172,0.9076,2586,4538,2328,2210,False,True
bez_permutacji,127,20260651,0.5512,0.909,2756,4545,2234,2311,False,True
bez_permutacji,128,20260652,0.5578,0.9062,2789,4531,2260,2271,False,True
bez_permutacji,129,20260653,0.55,0.9022,2750,4511,2273,2238,True,False
bez_permutacji,130,20260654,0.5456,0.9036,2728,4518,2232,2286,True,False
bez_permutacji,131,20260655,0.5286,0.9068,2643,4534,2216,2318,False,True
bez_permutacji,132,20260656,0.5344,0.9084,2672,4542,2295,2247,False,True
bez_permutacji,133,20260657,0.542,0.908,2710,4540,2254,2286,False,True
bez_permutacji,134,20260658,0.5708,0.904,2854,4520,2218,2302,False,True
bez_permutacji,135,20260659,0.5736,0.908,2868,4540,2270,2270,True,True
bez_permutacji,136,20260660,0.5442,0.9074,2721,4537,2313,2224,False,True
bez_permutacji,137,20260661,0.5468,0.9026,2734,4513,2215,2298,True,False
bez_permutacji,138,20260662,0.537,0.9096,2685,4548,2311,2237,True,False
bez_permutacji,139,20260663,0.5426,0.9068,2713,4534,2258,2276,True,True
bez_permutacji,140,20260664,0.5426,0.9048,2713,4524,2308,2216,True,False
bez_permutacji,141,20260665,0.5284,0.9068,2642,4534,2183,2351,True,False
bez_permutacji,142,20260666,0.5662,0.9032,2831,4516,2302,2214,True,False
bez_permutacji,143,20260667,0.5712,0.91,2856,4550,2333,2217,True,False
bez_permutacji,144,20260668,0.5736,0.9064,2868,4532,2308,2224,True,False
bez_permutacji,145,20260669,0.5598,0.905,2799,4525,2283,2242,True,False
bez_permutacji,146,20260670,0.556,0.9046,2780,4523,2255,2268,True,False
bez_permutacji,147,20260671,0.5658,0.9104,2829,4552,2253,2299,True,False
bez_permutacji,148,20260672,0.5334,0.9064,2667,4532,2242,2290,False,True
bez_permutacji,149,20260673,0.5772,0.9084,2886,4542,2251,2291,True,False
bez_permutacji,150,20260674,0.5328,0.9052,2664,4526,2241,2285,True,False
bez_permutacji,151,20260675,0.5524,0.9096,2762,4548,2287,2261,True,False
bez_permutacji,152,20260676,0.5654,0.9044,2827,4522,2270,2252,False,True
bez_permutacji,153,20260677,0.5384,0.9062,2692,4531,2302,2229,False,True
bez_permutacji,154,20260678,0.5602,0.9052,2801,4526,2219,2307,True,False
bez_permutacji,155,20260679,0.5596,0.9026,2798,4513,2257,2256,True,False
bez_permutacji,156,20260680,0.526,0.9066,2630,4533,2251,2282,True,False
bez_permutacji,157,20260681,0.5542,0.9062,2771,4531,2349,2182,True,False
bez_permutacji,158,20260682,0.5496,0.9004,2748,4502,2281,2221,True,False
bez_permutacji,159,20260683,0.539,0.9076,2695,4538,2278,2260,False,True
bez_permutacji,160,20260684,0.5866,0.9098,2933,4549,2259,2290,True,False
bez_permutacji,161,20260685,0.563,0.9104,2815,4552,2285,2267,False,True
bez_permutacji,162,20260686,0.5562,0.9068,2781,4534,2214,2320,True,True
bez_permutacji,163,20260687,0.5318,0.9054,2659,4527,2254,2273,False,True
bez_permutacji,164,20260688,0.5672,0.9068,2836,4534,2286,2248,True,False
bez_permutacji,165,20260689,0.553,0.9062,2765,4531,2252,2279,True,False
bez_permutacji,166,20260690,0.5634,0.9062,2817,4531,2253,2278,True,False
bez_permutacji,167,20260691,0.561,0.9078,2805,4539,2281,2258,False,True
bez_permutacji,168,20260692,0.5568,0.9082,2784,4541,2308,2233,True,False
bez_permutacji,169,20260693,0.5918,0.9066,2959,4533,2284,2249,True,True
bez_permutacji,170,20260694,0.5242,0.9126,2621,4563,2247,2316,True,False
bez_permutacji,171,20260695,0.5354,0.9062,2677,4531,2245,2286,True,False
bez_permutacji,172,20260696,0.5368,0.908,2684,4540,2263,2277,True,False
bez_permutacji,173,20260697,0.5704,0.9104,2852,4552,2283,2269,False,True
bez_permutacji,174,20260698,0.5498,0.9086,2749,4543,2216,2327,False,True
bez_permutacji,175,20260699,0.5572,0.9038,2786,4519,2255,2264,True,False
bez_permutacji,176,20260700,0.5376,0.902,2688,4510,2265,2245,False,True
bez_permutacji,177,20260701,0.549,0.9058,2745,4529,2209,2320,True,False
bez_permutacji,178,20260702,0.535,0.9044,2675,4522,2294,2228,True,False
bez_permutacji,179,20260703,0.5658,0.9016,2829,4508,2253,2255,False,True
bez_permutacji,180,20260704,0.5696,0.9068,2848,4534,2281,2253,True,False
bez_permutacji,181,20260705,0.5508,0.9022,2754,4511,2298,2213,True,False
bez_permutacji,182,20260706,0.5364,0.908,2682,4540,2273,2267,False,True
bez_permutacji,183,20260707,0.5524,0.9078,2762,4539,2298,2241,False,True
bez_permutacji,184,20260708,0.5606,0.906,2803,4530,2271,2259,True,False
bez_permutacji,185,20260709,0.5514,0.904,2757,4520,2278,2242,False,True
bez_permutacji,186,20260710,0.5602,0.907,2801,4535,2194,2341,False,True
bez_permutacji,187,20260711,0.5698,0.9098,2849,4549,2238,2311,True,False
bez_permutacji,188,20260712,0.5574,0.9076,2787,4538,2297,2241,True,True
bez_permutacji,189,20260713,0.5088,0.903,2544,4515,2245,2270,True,False
bez_permutacji,190,20260714,0.5694,0.905,2847,4525,2192,2333,False,True
bez_permutacji,191,20260715,0.5456,0.9046,2728,4523,2264,2259,True,False
bez_permutacji,192,20260716,0.5692,0.9042,2846,4521,2242,2279,False,True
bez_permutacji,193,20260717,0.5708,0.9082,2854,4541,2240,2301,True,False
bez_permutacji,194,20260718,0.543,0.9096,2715,4548,2277,2271,True,False
bez_permutacji,195,20260719,0.555,0.911,2775,4555,2316,2239,False,True
bez_permutacji,196,20260720,0.5508,0.9078,2754,4539,2307,2232,False,True
bez_permutacji,197,20260721,0.5426,0.91,2713,4550,2246,2304,True,False
bez_permutacji,198,20260722,0.5204,0.9116,2602,4558,2209,2349,False,True
bez_permutacji,199,20260723,0.5654,0.9126,2827,4563,2280,2283,False,True
bez_permutacji,200,20260724,0.5608,0.908,2804,4540,2221,2319,True,False
bez_permutacji,201,20260725,0.544,0.9058,2720,4529,2247,2282,True,False
bez_permutacji,202,20260726,0.5714,0.9064,2857,4532,2249,2283,False,True
bez_permutacji,203,20260727,0.5628,0.9088,2814,4544,2240,2304,True,False
bez_permutacji,204,20260728,0.5452,0.9076,2726,4538,2276,2262,False,True
bez_permutacji,205,20260729,0.5646,0.9066,2823,4533,2205,2328,True,False
bez_permutacji,206,20260730,0.561,0.9096,2805,4548,2261,2287,False,True
bez_permutacji,207,20260731,0.5576,0.908,2788,4540,2306,2234,True,False
bez_permutacji,208,20260732,0.5452,0.9044,2726,4522,2268,2254,True,False
bez_permutacji,209,20260733,0.5202,0.9082,2601,4541,2298,2243,True,False
bez_permutacji,210,20260734,0.5378,0.9006,2689,4503,2259,2244,False,True
bez_permutacji,211,20260735,0.5546,0.9056,2773,4528,2271,2257,False,True
bez_permutacji,212,20260736,0.5458,0.9038,2729,4519,2230,2289,False,True
bez_permutacji,213,20260737,0.562,0.9052,2810,4526,2229,2297,True,True
bez_permutacji,214,20260738,0.544,0.9074,2720,4537,2315,2222,False,True
bez_permutacji,215,20260739,0.5616,0.9038,2808,4519,2231,2288,False,True
bez_permutacji,216,20260740,0.5534,0.9046,2767,4523,2196,2327,False,True
bez_permutacji,217,20260741,0.5434,0.9056,2717,4528,2224,2304,False,True
bez_permutacji,218,20260742,0.5412,0.9084,2706,4542,2246,2296,True,True
bez_permutacji,219,20260743,0.5638,0.9058,2819,4529,2245,2284,True,False
bez_permutacji,220,20260744,0.5312,0.9056,2656,4528,2227,2301,True,False
bez_permutacji,221,20260745,0.5524,0.9022,2762,4511,2221,2290,True,False
bez_permutacji,222,20260746,0.5208,0.9064,2604,4532,2275,2257,False,True
bez_permutacji,223,20260747,0.5376,0.9032,2688,4516,2254,2262,False,True
bez_permutacji,224,20260748,0.5654,0.9088,2827,4544,2284,2260,True,False
bez_permutacji,225,20260749,0.569,0.9056,2845,4528,2268,2260,True,False
bez_permutacji,226,20260750,0.5622,0.9084,2811,4542,2240,2302,True,False
bez_permutacji,227,20260751,0.555,0.9056,2775,4528,2271,2257,False,True
bez_permutacji,228,20260752,0.5274,0.908,2637,4540,2282,2258,False,True
bez_permutacji,229,20260753,0.5388,0.9084,2694,4542,2288,2254,False,True
bez_permutacji,230,20260754,0.556,0.9056,2780,4528,2288,2240,True,False
bez_permutacji,231,20260755,0.558,0.9046,2790,4523,2266,2257,False,True
bez_permutacji,232,20260756,0.539,0.9084,2695,4542,2270,2272,False,True
bez_permutacji,233,20260757,0.5622,0.9066,2811,4533,2285,2248,True,False
bez_permutacji,234,20260758,0.5814,0.91,2907,4550,2371,2179,True,False
bez_permutacji,235,20260759,0.5288,0.9048,2644,4524,2209,2315,True,False
bez_permutacji,236,20260760,0.5644,0.9074,2822,4537,2287,2250,True,False
bez_permutacji,237,20260761,0.5392,0.9054,2696,4527,2267,2260,True,False
bez_permutacji,238,20260762,0.5446,0.9046,2723,4523,2289,2234,True,False
bez_permutacji,239,20260763,0.5524,0.9048,2762,4524,2227,2297,False,True
bez_permutacji,240,20260764,0.5362,0.9074,2681,4537,2216,2321,False,True
bez_permutacji,241,20260765,0.5456,0.9118,2728,4559,2309,2250,False,True
bez_permutacji,242,20260766,0.5638,0.9082,2819,4541,2365,2176,True,True
bez_permutacji,243,20260767,0.5564,0.9004,2782,4502,2298,2204,False,True
bez_permutacji,244,20260768,0.5632,0.9078,2816,4539,2261,2278,True,False
bez_permutacji,245,20260769,0.5772,0.9058,2886,4529,2276,2253,False,True
bez_permutacji,246,20260770,0.5356,0.908,2678,4540,2261,2279,False,True
bez_permutacji,247,20260771,0.545,0.903,2725,4515,2202,2313,False,True
bez_permutacji,248,20260772,0.526,0.91,2630,4550,2216,2334,False,True
bez_permutacji,249,20260773,0.5572,0.909,2786,4545,2296,2249,True,False
bez_permutacji,250,20260774,0.5544,0.9062,2772,4531,2263,2268,False,True
bez_permutacji,251,20260775,0.567,0.91,2835,4550,2232,2318,True,False
bez_permutacji,252,20260776,0.5232,0.9064,2616,4532,2272,2260,False,True
bez_permutacji,253,20260777,0.5686,0.91,2843,4550,2311,2239,False,True
bez_permutacji,254,20260778,0.5624,0.9046,2812,4523,2182,2341,True,False
bez_permutacji,255,20260779,0.5472,0.909,2736,4545,2283,2262,False,True
bez_permutacji,256,20260780,0.5372,0.903,2686,4515,2311,2204,True,False
bez_permutacji,257,20260781,0.5676,0.908,2838,4540,2236,2304,True,False
bez_permutacji,258,20260782,0.5556,0.9056,2778,4528,2295,2233,True,False
bez_permutacji,259,20260783,0.5786,0.9084,2893,4542,2276,2266,False,True
bez_permutacji,260,20260784,0.554,0.9074,2770,4537,2225,2312,True,False
bez_permutacji,261,20260785,0.535,0.9074,2675,4537,2299,2238,False,True
bez_permutacji,262,20260786,0.5386,0.9054,2693,4527,2267,2260,True,False
bez_permutacji,263,20260787,0.5534,0.9058,2767,4529,2300,2229,True,False
bez_permutacji,264,20260788,0.5414,0.9088,2707,4544,2284,2260,False,True
bez_permutacji,265,20260789,0.5644,0.9054,2822,4527,2292,2235,False,True
bez_permutacji,266,20260790,0.5386,0.9102,2693,4551,2318,2233,True,False
bez_permutacji,267,20260791,0.5738,0.9088,2869,4544,2199,2345,False,True
bez_permutacji,268,20260792,0.5622,0.9034,2811,4517,2249,2268,True,False
bez_permutacji,269,20260793,0.5372,0.9092,2686,4546,2274,2272,True,False
bez_permutacji,270,20260794,0.5542,0.9064,2771,4532,2165,2367,False,True
bez_permutacji,271,20260795,0.5648,0.912,2824,4560,2307,2253,True,True
bez_permutacji,272,20260796,0.569,0.9082,2845,4541,2239,2302,True,True
bez_permutacji,273,20260797,0.5558,0.9074,2779,4537,2277,2260,False,True
bez_permutacji,274,20260798,0.5362,0.9028,2681,4514,2206,2308,False,True
bez_permutacji,275,20260799,0.55,0.9054,2750,4527,2282,2245,True,False
bez_permutacji,276,20260800,0.5656,0.9028,2828,4514,2273,2241,True,False
bez_permutacji,277,20260801,0.5402,0.9132,2701,4566,2239,2327,False,True
bez_permutacji,278,20260802,0.531,0.9102,2655,4551,2277,2274,True,False
bez_permutacji,279,20260803,0.5692,0.905,2846,4525,2275,2250,False,True
bez_permutacji,280,20260804,0.5622,0.9082,2811,4541,2322,2219,False,True
bez_permutacji,281,20260805,0.5496,0.9014,2748,4507,2197,2310,False,True
bez_permutacji,282,20260806,0.5426,0.9062,2713,4531,2249,2282,False,True
bez_permutacji,283,20260807,0.5602,0.9106,2801,4553,2281,2272,True,False
bez_permutacji,284,20260808,0.5388,0.9046,2694,4523,2264,2259,False,True
bez_permutacji,285,20260809,0.5376,0.907,2688,4535,2267,2268,False,True
bez_permutacji,286,20260810,0.5128,0.9032,2564,4516,2247,2269,False,True
bez_permutacji,287,20260811,0.5598,0.9046,2799,4523,2258,2265,True,False
bez_permutacji,288,20260812,0.539,0.9068,2695,4534,2285,2249,True,False
bez_permutacji,289,20260813,0.5732,0.9124,2866,4562,2326,2236,True,True
bez_permutacji,290,20260814,0.548,0.9046,2740,4523,2275,2248,False,True
bez_permutacji,291,20260815,0.5296,0.9058,2648,4529,2308,2221,True,True
bez_permutacji,292,20260816,0.545,0.9024,2725,4512,2286,2226,True,True
bez_permutacji,293,20260817,0.5526,0.9108,2763,4554,2266,2288,False,True
bez_permutacji,294,20260818,0.51,0.9086,2550,4543,2287,2256,False,True
bez_permutacji,295,20260819,0.5532,0.9058,2766,4529,2238,2291,True,False
bez_permutacji,296,20260820,0.531,0.9084,2655,4542,2252,2290,True,False
bez_permutacji,297,20260821,0.5358,0.9074,2679,4537,2215,2322,False,True
bez_permutacji,298,20260822,0.5338,0.9092,2669,4546,2355,2191,False,True
bez_permutacji,299,20260823,0.5456,0.9096,2728,4548,2272,2276,True,False
bez_permutacji,300,20260824,0.5482,0.9048,2741,4524,2328,2196,False,True
bez_permutacji,301,20260825,0.5712,0.906,2856,4530,2206,2324,False,True
bez_permutacji,302,20260826,0.5058,0.9038,2529,4519,2263,2256,False,True
bez_permutacji,303,20260827,0.5674,0.908,2837,4540,2263,2277,False,True
bez_permutacji,304,20260828,0.5424,0.9086,2712,4543,2279,2264,True,False
bez_permutacji,305,20260829,0.5628,0.905,2814,4525,2217,2308,True,True
bez_permutacji,306,20260830,0.5962,0.9054,2981,4527,2307,2220,True,False
bez_permutacji,307,20260831,0.554,0.9082,2770,4541,2279,2262,True,True
bez_permutacji,308,20260832,0.541,0.906,2705,4530,2250,2280,False,True
bez_permutacji,309,20260833,0.567,0.9084,2835,4542,2232,2310,True,False
bez_permutacji,310,20260834,0.555,0.9096,2775,4548,2296,2252,True,False
bez_permutacji,311,20260835,0.5614,0.9024,2807,4512,2244,2268,True,True
bez_permutacji,312,20260836,0.5498,0.9018,2749,4509,2223,2286,True,False
bez_permutacji,313,20260837,0.5678,0.9058,2839,4529,2206,2323,False,True
bez_permutacji,314,20260838,0.5522,0.9054,2761,4527,2261,2266,False,True
bez_permutacji,315,20260839,0.581,0.9098,2905,4549,2298,2251,False,True
bez_permutacji,316,20260840,0.524,0.9042,2620,4521,2259,2262,True,False
bez_permutacji,317,20260841,0.5406,0.9038,2703,4519,2245,2274,True,False
bez_permutacji,318,20260842,0.5462,0.9038,2731,4519,2314,2205,False,True
bez_permutacji,319,20260843,0.538,0.904,2690,4520,2284,2236,True,False
bez_permutacji,320,20260844,0.5416,0.9046,2708,4523,2262,2261,False,True
bez_permutacji,321,20260845,0.5512,0.9104,2756,4552,2280,2272,False,True
bez_permutacji,322,20260846,0.5594,0.9092,2797,4546,2196,2350,True,False
bez_permutacji,323,20260847,0.5684,0.9056,2842,4528,2254,2274,False,True
bez_permutacji,324,20260848,0.5616,0.9066,2808,4533,2279,2254,False,True
bez_permutacji,325,20260849,0.5756,0.9118,2878,4559,2275,2284,False,True
bez_permutacji,326,20260850,0.5566,0.9078,2783,4539,2210,2329,True,False
bez_permutacji,327,20260851,0.5408,0.9114,2704,4557,2327,2230,True,False
bez_permutacji,328,20260852,0.5266,0.9078,2633,4539,2237,2302,False,True
bez_permutacji,329,20260853,0.5214,0.9078,2607,4539,2246,2293,True,False
bez_permutacji,330,20260854,0.5518,0.9068,2759,4534,2273,2261,True,False
bez_permutacji,331,20260855,0.5616,0.9076,2808,4538,2215,2323,False,True
bez_permutacji,332,20260856,0.5414,0.9034,2707,4517,2271,2246,True,False
bez_permutacji,333,20260857,0.552,0.9088,2760,4544,2285,2259,True,False
bez_permutacji,334,20260858,0.5562,0.9096,2781,4548,2233,2315,True,False
bez_permutacji,335,20260859,0.5468,0.9086,2734,4543,2173,2370,False,True
bez_permutacji,336,20260860,0.57,0.9032,2850,4516,2278,2238,False,True
bez_permutacji,337,20260861,0.5598,0.9004,2799,4502,2210,2292,True,False
bez_permutacji,338,20260862,0.543,0.9068,2715,4534,2201,2333,True,False
bez_permutacji,339,20260863,0.5458,0.9072,2729,4536,2248,2288,True,False
bez_permutacji,340,20260864,0.5442,0.9072,2721,4536,2302,2234,True,False
bez_permutacji,341,20260865,0.53,0.905,2650,4525,2259,2266,True,True
bez_permutacji,342,20260866,0.5794,0.9102,2897,4551,2215,2336,True,False
bez_permutacji,343,20260867,0.5312,0.9054,2656,4527,2247,2280,False,True
bez_permutacji,344,20260868,0.5412,0.9024,2706,4512,2197,2315,False,True
bez_permutacji,345,20260869,0.5552,0.9068,2776,4534,2235,2299,True,False
bez_permutacji,346,20260870,0.5362,0.9048,2681,4524,2285,2239,True,False
bez_permutacji,347,20260871,0.5558,0.9048,2779,4524,2239,2285,True,False
bez_permutacji,348,20260872,0.5552,0.9078,2776,4539,2258,2281,False,True
bez_permutacji,349,20260873,0.5672,0.9094,2836,4547,2246,2301,False,True
bez_permutacji,350,20260874,0.561,0.9116,2805,4558,2270,2288,True,False
bez_permutacji,351,20260875,0.5888,0.9046,2944,4523,2217,2306,False,True
bez_permutacji,352,20260876,0.5882,0.9078,2941,4539,2214,2325,False,True
bez_permutacji,353,20260877,0.5776,0.9104,2888,4552,2241,2311,True,True
bez_permutacji,354,20260878,0.553,0.9076,2765,4538,2219,2319,False,True
bez_permutacji,355,20260879,0.5692,0.905,2846,4525,2247,2278,True,False
bez_permutacji,356,20260880,0.5422,0.907,2711,4535,2223,2312,True,True
bez_permutacji,357,20260881,0.549,0.9098,2745,4549,2275,2274,True,False
bez_permutacji,358,20260882,0.5596,0.9086,2798,4543,2264,2279,False,True
bez_permutacji,359,20260883,0.566,0.9048,2830,4524,2155,2369,True,True
bez_permutacji,360,20260884,0.5496,0.9026,2748,4513,2207,2306,False,True
bez_permutacji,361,20260885,0.556,0.9068,2780,4534,2279,2255,True,False
bez_permutacji,362,20260886,0.5448,0.9088,2724,4544,2242,2302,True,False
bez_permutacji,363,20260887,0.5696,0.9014,2848,4507,2312,2195,True,False
bez_permutacji,364,20260888,0.5376,0.9046,2688,4523,2273,2250,False,True
bez_permutacji,365,20260889,0.547,0.9054,2735,4527,2242,2285,False,True
bez_permutacji,366,20260890,0.5462,0.9066,2731,4533,2205,2328,False,True
bez_permutacji,367,20260891,0.576,0.908,2880,4540,2238,2302,True,True
bez_permutacji,368,20260892,0.5614,0.9082,2807,4541,2242,2299,True,True
bez_permutacji,369,20260893,0.5626,0.907,2813,4535,2272,2263,False,True
bez_permutacji,370,20260894,0.5186,0.9052,2593,4526,2247,2279,False,True
bez_permutacji,371,20260895,0.5666,0.9058,2833,4529,2231,2298,False,True
bez_permutacji,372,20260896,0.5628,0.9096,2814,4548,2270,2278,False,True
bez_permutacji,373,20260897,0.553,0.9074,2765,4537,2288,2249,False,True
bez_permutacji,374,20260898,0.5362,0.9056,2681,4528,2282,2246,False,True
bez_permutacji,375,20260899,0.5272,0.9064,2636,4532,2266,2266,True,False
bez_permutacji,376,20260900,0.5322,0.905,2661,4525,2255,2270,True,False
bez_permutacji,377,20260901,0.5602,0.9064,2801,4532,2333,2199,True,False
bez_permutacji,378,20260902,0.533,0.905,2665,4525,2231,2294,False,True
bez_permutacji,379,20260903,0.583,0.9098,2915,4549,2330,2219,True,True
bez_permutacji,380,20260904,0.5588,0.9108,2794,4554,2327,2227,True,False
bez_permutacji,381,20260905,0.5612,0.908,2806,4540,2210,2330,True,False
bez_permutacji,382,20260906,0.5092,0.9064,2546,4532,2271,2261,False,True
bez_permutacji,383,20260907,0.5596,0.905,2798,4525,2281,2244,False,True
bez_permutacji,384,20260908,0.542,0.9094,2710,4547,2228,2319,False,True
bez_permutacji,385,20260909,0.5442,0.9076,2721,4538,2299,2239,False,True
bez_permutacji,386,20260910,0.5622,0.9024,2811,4512,2337,2175,False,True
bez_permutacji,387,20260911,0.5718,0.906,2859,4530,2241,2289,True,False
bez_permutacji,388,20260912,0.5296,0.9038,2648,4519,2305,2214,False,True
bez_permutacji,389,20260913,0.5608,0.9066,2804,4533,2262,2271,False,True
bez_permutacji,390,20260914,0.5408,0.9086,2704,4543,2289,2254,False,True
bez_permutacji,391,20260915,0.5762,0.9076,2881,4538,2249,2289,False,True
bez_permutacji,392,20260916,0.518,0.9086,2590,4543,2232,2311,True,False
bez_permutacji,393,20260917,0.5534,0.9022,2767,4511,2310,2201,True,False
bez_permutacji,394,20260918,0.5478,0.9082,2739,4541,2257,2284,False,True
bez_permutacji,395,20260919,0.5514,0.9074,2757,4537,2354,2183,True,False
bez_permutacji,396,20260920,0.5332,0.9058,2666,4529,2346,2183,True,False
bez_permutacji,397,20260921,0.5652,0.9082,2826,4541,2319,2222,False,True
bez_permutacji,398,20260922,0.5552,0.909,2776,4545,2237,2308,True,False
bez_permutacji,399,20260923,0.5562,0.9036,2781,4518,2306,2212,False,True
bez_permutacji,400,20260924,0.5666,0.9078,2833,4539,2359,2180,True,True
bez_permutacji,401,20260925,0.537,0.9062,2685,4531,2314,2217,False,True
bez_permutacji,402,20260926,0.5588,0.9038,2794,4519,2239,2280,True,True
bez_permutacji,403,20260927,0.5614,0.9078,2807,4539,2307,2232,True,True
bez_permutacji,404,20260928,0.5598,0.9054,2799,4527,2306,2221,True,False
bez_permutacji,405,20260929,0.545,0.9056,2725,4528,2334,2194,True,False
bez_permutacji,406,20260930,0.5578,0.9026,2789,4513,2256,2257,False,True
bez_permutacji,407,20260931,0.5314,0.9074,2657,4537,2227,2310,True,False
bez_permutacji,408,20260932,0.5488,0.9082,2744,4541,2280,2261,False,True
bez_permutacji,409,20260933,0.572,0.9084,2860,4542,2244,2298,True,True
bez_permutacji,410,20260934,0.562,0.9046,2810,4523,2307,2216,True,False
bez_permutacji,411,20260935,0.5572,0.9034,2786,4517,2293,2224,True,False
bez_permutacji,412,20260936,0.5456,0.9056,2728,4528,2282,2246,True,True
bez_permutacji,413,20260937,0.5374,0.9054,2687,4527,2203,2324,True,False
bez_permutacji,414,20260938,0.559,0.902,2795,4510,2178,2332,False,True
bez_permutacji,415,20260939,0.571,0.9074,2855,4537,2275,2262,True,False
bez_permutacji,416,20260940,0.5296,0.9076,2648,4538,2233,2305,False,True
bez_permutacji,417,20260941,0.5696,0.902,2848,4510,2231,2279,False,True
bez_permutacji,418,20260942,0.5124,0.9028,2562,4514,2239,2275,False,True
bez_permutacji,419,20260943,0.5408,0.9076,2704,4538,2333,2205,False,True
bez_permutacji,420,20260944,0.5606,0.9074,2803,4537,2239,2298,False,True
bez_permutacji,421,20260945,0.5628,0.9068,2814,4534,2305,2229,True,False
bez_permutacji,422,20260946,0.5502,0.9044,2751,4522,2285,2237,False,True
bez_permutacji,423,20260947,0.5552,0.9096,2776,4548,2221,2327,True,False
bez_permutacji,424,20260948,0.5704,0.9084,2852,4542,2220,2322,False,True
bez_permutacji,425,20260949,0.5308,0.9046,2654,4523,2217,2306,False,True
bez_permutacji,426,20260950,0.5546,0.9034,2773,4517,2321,2196,False,True
bez_permutacji,427,20260951,0.5264,0.908,2632,4540,2217,2323,False,True
bez_permutacji,428,20260952,0.551,0.9038,2755,4519,2216,2303,True,False
bez_permutacji,429,20260953,0.5426,0.9112,2713,4556,2256,2300,False,True
bez_permutacji,430,20260954,0.5624,0.9072,2812,4536,2250,2286,True,True
bez_permutacji,431,20260955,0.559,0.9046,2795,4523,2253,2270,True,False
bez_permutacji,432,20260956,0.5488,0.9058,2744,4529,2236,2293,True,False
bez_permutacji,433,20260957,0.5632,0.908,2816,4540,2240,2300,True,False
bez_permutacji,434,20260958,0.5482,0.9044,2741,4522,2246,2276,True,False
bez_permutacji,435,20260959,0.5544,0.9074,2772,4537,2264,2273,False,True
bez_permutacji,436,20260960,0.5722,0.9066,2861,4533,2295,2238,True,False
bez_permutacji,437,20260961,0.545,0.9056,2725,4528,2292,2236,True,False
bez_permutacji,438,20260962,0.5804,0.9082,2902,4541,2230,2311,True,True
bez_permutacji,439,20260963,0.5426,0.9074,2713,4537,2229,2308,False,True
bez_permutacji,440,20260964,0.547,0.9048,2735,4524,2217,2307,True,False
bez_permutacji,441,20260965,0.5584,0.909,2792,4545,2311,2234,True,False
bez_permutacji,442,20260966,0.5482,0.9056,2741,4528,2236,2292,True,False
bez_permutacji,443,20260967,0.5904,0.9082,2952,4541,2183,2358,True,False
bez_permutacji,444,20260968,0.5304,0.9102,2652,4551,2206,2345,True,False
bez_permutacji,445,20260969,0.5668,0.9082,2834,4541,2244,2297,False,True
bez_permutacji,446,20260970,0.5506,0.9042,2753,4521,2343,2178,False,True
bez_permutacji,447,20260971,0.5242,0.909,2621,4545,2343,2202,True,False
bez_permutacji,448,20260972,0.5524,0.907,2762,4535,2278,2257,True,True
bez_permutacji,449,20260973,0.549,0.908,2745,4540,2291,2249,False,True
bez_permutacji,450,20260974,0.558,0.9034,2790,4517,2268,2249,False,True
bez_permutacji,451,20260975,0.572,0.9058,2860,4529,2327,2202,True,False
bez_permutacji,452,20260976,0.5276,0.9054,2638,4527,2309,2218,False,True
bez_permutacji,453,20260977,0.5348,0.9072,2674,4536,2330,2206,True,False
bez_permutacji,454,20260978,0.5456,0.9074,2728,4537,2275,2262,True,True
bez_permutacji,455,20260979,0.5404,0.9072,2702,4536,2318,2218,True,False
bez_permutacji,456,20260980,0.5718,0.9058,2859,4529,2255,2274,False,True
bez_permutacji,457,20260981,0.5374,0.9072,2687,4536,2314,2222,False,True
bez_permutacji,458,20260982,0.5432,0.903,2716,4515,2217,2298,False,True
bez_permutacji,459,20260983,0.5284,0.9054,2642,4527,2356,2171,False,True
bez_permutacji,460,20260984,0.5762,0.904,2881,4520,2230,2290,False,True
bez_permutacji,461,20260985,0.5582,0.9076,2791,4538,2264,2274,False,True
bez_permutacji,462,20260986,0.552,0.9078,2760,4539,2163,2376,True,False
bez_permutacji,463,20260987,0.563,0.9086,2815,4543,2289,2254,False,True
bez_permutacji,464,20260988,0.5636,0.904,2818,4520,2264,2256,True,True
bez_permutacji,465,20260989,0.5644,0.9102,2822,4551,2274,2277,False,True
bez_permutacji,466,20260990,0.555,0.9088,2775,4544,2307,2237,False,True
bez_permutacji,467,20260991,0.5628,0.9048,2814,4524,2207,2317,False,True
bez_permutacji,468,20260992,0.53,0.904,2650,4520,2231,2289,True,False
bez_permutacji,469,20260993,0.572,0.9064,2860,4532,2306,2226,True,False
bez_permutacji,470,20260994,0.5482,0.9086,2741,4543,2249,2294,False,True
bez_permutacji,471,20260995,0.529,0.9054,2645,4527,2249,2278,False,True
bez_permutacji,472,20260996,0.5546,0.9064,2773,4532,2255,2277,True,True
bez_permutacji,473,20260997,0.5452,0.9074,2726,4537,2303,2234,False,True
bez_permutacji,474,20260998,0.5608,0.9042,2804,4521,2275,2246,True,False
bez_permutacji,475,20260999,0.5594,0.9086,2797,4543,2209,2334,True,False
bez_permutacji,476,20261000,0.5596,0.9084,2798,4542,2287,2255,False,True
bez_permutacji,477,20261001,0.573,0.9086,2865,4543,2310,2233,True,True
bez_permutacji,478,20261002,0.5652,0.9086,2826,4543,2215,2328,True,True
bez_permutacji,479,20261003,0.56,0.9066,2800,4533,2252,2281,True,False
bez_permutacji,480,20261004,0.5278,0.9048,2639,4524,2198,2326,False,True
bez_permutacji,481,20261005,0.547,0.9056,2735,4528,2285,2243,True,False
bez_permutacji,482,20261006,0.5658,0.9048,2829,4524,2285,2239,True,True
bez_permutacji,483,20261007,0.5612,0.9032,2806,4516,2321,2195,True,False
bez_permutacji,484,20261008,0.5484,0.9092,2742,4546,2343,2203,False,True
bez_permutacji,485,20261009,0.566,0.908,2830,4540,2229,2311,False,True
bez_permutacji,486,20261010,0.5526,0.9064,2763,4532,2280,2252,True,False
bez_permutacji,487,20261011,0.5994,0.9076,2997,4538,2291,2247,False,True
bez_permutacji,488,20261012,0.5604,0.9098,2802,4549,2362,2187,True,False
bez_permutacji,489,20261013,0.5364,0.905,2682,4525,2239,2286,True,False
bez_permutacji,490,20261014,0.5818,0.9082,2909,4541,2223,2318,True,False
bez_permutacji,491,20261015,0.5512,0.9094,2756,4547,2284,2263,False,True
bez_permutacji,492,20261016,0.549,0.9036,2745,4518,2203,2315,False,True
bez_permutacji,493,20261017,0.568,0.9046,2840,4523,2257,2266,True,False
bez_permutacji,494,20261018,0.574,0.9056,2870,4528,2271,2257,False,True
bez_permutacji,495,20261019,0.5824,0.908,2912,4540,2366,2174,True,False
bez_permutacji,496,20261020,0.5366,0.9066,2683,4533,2262,2271,True,False
bez_permutacji,497,20261021,0.5748,0.9044,2874,4522,2252,2270,True,False
bez_permutacji,498,20261022,0.5522,0.9054,2761,4527,2261,2266,True,False
bez_permutacji,499,20261023,0.5554,0.9064,2777,4532,2273,2259,False,True
bez_permutacji,500,20261024,0.5686,0.9074,2843,4537,2278,2259,False,True
z_permutacja,1,21260525,0.534,0.909,2670,4545,2258,2287,True,False
z_permutacja,2,21260526,0.5358,0.9076,2679,4538,2274,2264,False,True
z_permutacja,3,21260527,0.5616,0.909,2808,4545,2227,2318,False,True
z_permutacja,4,21260528,0.5488,0.9092,2744,4546,2216,2330,True,False
z_permutacja,5,21260529,0.542,0.9084,2710,4542,2222,2320,True,True
z_permutacja,6,21260530,0.536,0.9094,2680,4547,2187,2360,True,False
z_permutacja,7,21260531,0.5442,0.9066,2721,4533,2252,2281,True,False
z_permutacja,8,21260532,0.5602,0.9024,2801,4512,2293,2219,True,False
z_permutacja,9,21260533,0.5574,0.9102,2787,4551,2275,2276,False,True
z_permutacja,10,21260534,0.539,0.9064,2695,4532,2206,2326,False,True
z_permutacja,11,21260535,0.547,0.911,2735,4555,2326,2229,False,True
z_permutacja,12,21260536,0.544,0.9048,2720,4524,2311,2213,True,False
z_permutacja,13,21260537,0.5612,0.9066,2806,4533,2247,2286,True,True
z_permutacja,14,21260538,0.5484,0.9082,2742,4541,2296,2245,True,False
z_permutacja,15,21260539,0.5354,0.9062,2677,4531,2188,2343,False,True
z_permutacja,16,21260540,0.5452,0.9032,2726,4516,2235,2281,True,False
z_permutacja,17,21260541,0.5564,0.9094,2782,4547,2277,2270,True,True
z_permutacja,18,21260542,0.5266,0.9042,2633,4521,2188,2333,True,False
z_permutacja,19,21260543,0.562,0.9054,2810,4527,2263,2264,True,False
z_permutacja,20,21260544,0.5444,0.9078,2722,4539,2255,2284,True,False
z_permutacja,21,21260545,0.5166,0.9072,2583,4536,2282,2254,False,True
z_permutacja,22,21260546,0.5626,0.9106,2813,4553,2273,2280,True,False
z_permutacja,23,21260547,0.551,0.9074,2755,4537,2259,2278,True,False
z_permutacja,24,21260548,0.5568,0.9024,2784,4512,2299,2213,True,False
z_permutacja,25,21260549,0.5526,0.9056,2763,4528,2285,2243,True,True
z_permutacja,26,21260550,0.561,0.9078,2805,4539,2282,2257,True,False
z_permutacja,27,21260551,0.6134,0.9034,3067,4517,2285,2232,True,False
z_permutacja,28,21260552,0.5612,0.9096,2806,4548,2241,2307,True,False
z_permutacja,29,21260553,0.5434,0.9046,2717,4523,2258,2265,False,True
z_permutacja,30,21260554,0.5702,0.9038,2851,4519,2282,2237,False,True
z_permutacja,31,21260555,0.5638,0.9046,2819,4523,2276,2247,False,True
z_permutacja,32,21260556,0.5702,0.9054,2851,4527,2253,2274,True,True
z_permutacja,33,21260557,0.5478,0.9092,2739,4546,2252,2294,True,True
z_permutacja,34,21260558,0.5202,0.9066,2601,4533,2249,2284,True,False
z_permutacja,35,21260559,0.5348,0.905,2674,4525,2256,2269,False,True
z_permutacja,36,21260560,0.5754,0.9086,2877,4543,2329,2214,True,True
z_permutacja,37,21260561,0.5332,0.9114,2666,4557,2314,2243,True,True
z_permutacja,38,21260562,0.5478,0.9088,2739,4544,2279,2265,True,False
z_permutacja,39,21260563,0.518,0.9062,2590,4531,2223,2308,False,True
z_permutacja,40,21260564,0.5588,0.9122,2794,4561,2279,2282,True,False
z_permutacja,41,21260565,0.5486,0.9062,2743,4531,2244,2287,True,False
z_permutacja,42,21260566,0.554,0.9104,2770,4552,2267,2285,False,True
z_permutacja,43,21260567,0.5604,0.9058,2802,4529,2303,2226,False,True
z_permutacja,44,21260568,0.5534,0.9094,2767,4547,2315,2232,True,False
z_permutacja,45,21260569,0.5548,0.9048,2774,4524,2256,2268,True,False
z_permutacja,46,21260570,0.5296,0.907,2648,4535,2278,2257,True,False
z_permutacja,47,21260571,0.5084,0.9058,2542,4529,2261,2268,True,False
z_permutacja,48,21260572,0.5544,0.9056,2772,4528,2282,2246,False,True
z_permutacja,49,21260573,0.5532,0.909,2766,4545,2258,2287,False,True
z_permutacja,50,21260574,0.5444,0.9052,2722,4526,2203,2323,False,True
z_permutacja,51,21260575,0.5284,0.909,2642,4545,2250,2295,False,True
z_permutacja,52,21260576,0.5574,0.9088,2787,4544,2273,2271,False,True
z_permutacja,53,21260577,0.566,0.9092,2830,4546,2242,2304,True,False
z_permutacja,54,21260578,0.5686,0.903,2843,4515,2275,2240,True,False
z_permutacja,55,21260579,0.5714,0.9104,2857,4552,2230,2322,False,True
z_permutacja,56,21260580,0.542,0.906,2710,4530,2245,2285,True,False
z_permutacja,57,21260581,0.5836,0.9086,2918,4543,2277,2266,True,False
z_permutacja,58,21260582,0.5326,0.9074,2663,4537,2283,2254,False,True
z_permutacja,59,21260583,0.5634,0.9094,2817,4547,2266,2281,False,True
z_permutacja,60,21260584,0.5702,0.908,2851,4540,2250,2290,True,False
z_permutacja,61,21260585,0.5396,0.9048,2698,4524,2258,2266,False,True
z_permutacja,62,21260586,0.545,0.9064,2725,4532,2282,2250,False,True
z_permutacja,63,21260587,0.5256,0.906,2628,4530,2245,2285,True,False
z_permutacja,64,21260588,0.5488,0.9062,2744,4531,2255,2276,False,True
z_permutacja,65,21260589,0.5416,0.9048,2708,4524,2258,2266,False,True
z_permutacja,66,21260590,0.5586,0.9098,2793,4549,2256,2293,False,True
z_permutacja,67,21260591,0.5124,0.9104,2562,4552,2330,2222,False,True
z_permutacja,68,21260592,0.5646,0.9092,2823,4546,2310,2236,False,True
z_permutacja,69,21260593,0.5434,0.9072,2717,4536,2281,2255,True,True
z_permutacja,70,21260594,0.54,0.904,2700,4520,2243,2277,False,True
z_permutacja,71,21260595,0.5462,0.903,2731,4515,2238,2277,True,False
z_permutacja,72,21260596,0.5472,0.9076,2736,4538,2293,2245,True,False
z_permutacja,73,21260597,0.546,0.9024,2730,4512,2297,2215,True,False
z_permutacja,74,21260598,0.5406,0.905,2703,4525,2240,2285,True,False
z_permutacja,75,21260599,0.5514,0.9046,2757,4523,2235,2288,False,True
z_permutacja,76,21260600,0.5432,0.9044,2716,4522,2289,2233,True,False
z_permutacja,77,21260601,0.557,0.9122,2785,4561,2282,2279,False,True
z_permutacja,78,21260602,0.5544,0.9096,2772,4548,2260,2288,False,True
z_permutacja,79,21260603,0.5516,0.905,2758,4525,2232,2293,True,False
z_permutacja,80,21260604,0.561,0.9028,2805,4514,2302,2212,False,True
z_permutacja,81,21260605,0.5306,0.9064,2653,4532,2280,2252,True,False
z_permutacja,82,21260606,0.5562,0.907,2781,4535,2314,2221,False,True
z_permutacja,83,21260607,0.5396,0.9052,2698,4526,2276,2250,True,False
z_permutacja,84,21260608,0.5462,0.9044,2731,4522,2323,2199,False,True
z_permutacja,85,21260609,0.5754,0.9056,2877,4528,2275,2253,True,False
z_permutacja,86,21260610,0.5616,0.9078,2808,4539,2214,2325,True,False
z_permutacja,87,21260611,0.5624,0.9078,2812,4539,2234,2305,True,False
z_permutacja,88,21260612,0.547,0.9058,2735,4529,2240,2289,True,False
z_permutacja,89,21260613,0.5476,0.9082,2738,4541,2324,2217,True,False
z_permutacja,90,21260614,0.5658,0.9086,2829,4543,2302,2241,True,True
z_permutacja,91,21260615,0.5566,0.9072,2783,4536,2257,2279,True,False
z_permutacja,92,21260616,0.5684,0.9036,2842,4518,2274,2244,False,True
z_permutacja,93,21260617,0.5564,0.9038,2782,4519,2261,2258,True,False
z_permutacja,94,21260618,0.5534,0.9058,2767,4529,2256,2273,False,True
z_permutacja,95,21260619,0.5476,0.905,2738,4525,2148,2377,True,True
z_permutacja,96,21260620,0.5556,0.9034,2778,4517,2217,2300,False,True
z_permutacja,97,21260621,0.542,0.9066,2710,4533,2362,2171,False,True
z_permutacja,98,21260622,0.5734,0.9086,2867,4543,2226,2317,False,True
z_permutacja,99,21260623,0.5452,0.9034,2726,4517,2272,2245,False,True
z_permutacja,100,21260624,0.5304,0.905,2652,4525,2286,2239,True,False
z_permutacja,101,21260625,0.532,0.9038,2660,4519,2238,2281,True,False
z_permutacja,102,21260626,0.5484,0.9102,2742,4551,2185,2366,True,False
z_permutacja,103,21260627,0.5556,0.905,2778,4525,2290,2235,True,False
z_permutacja,104,21260628,0.5466,0.9054,2733,4527,2253,2274,True,False
z_permutacja,105,21260629,0.5514,0.9044,2757,4522,2311,2211,True,False
z_permutacja,106,21260630,0.5416,0.9044,2708,4522,2237,2285,True,False
z_permutacja,107,21260631,0.5534,0.9082,2767,4541,2224,2317,False,True
z_permutacja,108,21260632,0.5554,0.9052,2777,4526,2358,2168,True,False
z_permutacja,109,21260633,0.5448,0.9058,2724,4529,2262,2267,True,True
z_permutacja,110,21260634,0.5288,0.9068,2644,4534,2295,2239,False,True
z_permutacja,111,21260635,0.5694,0.9048,2847,4524,2201,2323,True,False
z_permutacja,112,21260636,0.555,0.9068,2775,4534,2284,2250,True,False
z_permutacja,113,21260637,0.5404,0.9058,2702,4529,2213,2316,True,False
z_permutacja,114,21260638,0.5474,0.9074,2737,4537,2293,2244,True,False
z_permutacja,115,21260639,0.5432,0.9042,2716,4521,2332,2189,False,True
z_permutacja,116,21260640,0.5696,0.9032,2848,4516,2213,2303,False,True
z_permutacja,117,21260641,0.5442,0.9002,2721,4501,2304,2197,True,True
z_permutacja,118,21260642,0.526,0.9076,2630,4538,2318,2220,False,True
z_permutacja,119,21260643,0.5486,0.9022,2743,4511,2231,2280,False,True
z_permutacja,120,21260644,0.566,0.9058,2830,4529,2239,2290,True,False
z_permutacja,121,21260645,0.543,0.9092,2715,4546,2241,2305,False,True
z_permutacja,122,21260646,0.5552,0.9058,2776,4529,2262,2267,True,False
z_permutacja,123,21260647,0.5738,0.909,2869,4545,2238,2307,False,True
z_permutacja,124,21260648,0.5628,0.9084,2814,4542,2272,2270,False,True
z_permutacja,125,21260649,0.5314,0.9098,2657,4549,2296,2253,False,True
z_permutacja,126,21260650,0.539,0.9042,2695,4521,2322,2199,False,True
z_permutacja,127,21260651,0.565,0.9052,2825,4526,2207,2319,True,False
z_permutacja,128,21260652,0.5496,0.9074,2748,4537,2232,2305,True,False
z_permutacja,129,21260653,0.5348,0.9034,2674,4517,2243,2274,True,False
z_permutacja,130,21260654,0.5734,0.9086,2867,4543,2324,2219,True,False
z_permutacja,131,21260655,0.542,0.9068,2710,4534,2255,2279,True,False
z_permutacja,132,21260656,0.542,0.9072,2710,4536,2231,2305,True,False
z_permutacja,133,21260657,0.555,0.9038,2775,4519,2222,2297,True,False
z_permutacja,134,21260658,0.5464,0.901,2732,4505,2216,2289,False,True
z_permutacja,135,21260659,0.5646,0.9028,2823,4514,2213,2301,True,False
z_permutacja,136,21260660,0.5726,0.9074,2863,4537,2241,2296,False,True
z_permutacja,137,21260661,0.5408,0.9072,2704,4536,2235,2301,False,True
z_permutacja,138,21260662,0.534,0.9066,2670,4533,2240,2293,False,True
z_permutacja,139,21260663,0.57,0.9088,2850,4544,2259,2285,True,True
z_permutacja,140,21260664,0.5658,0.9072,2829,4536,2301,2235,False,True
z_permutacja,141,21260665,0.5624,0.9038,2812,4519,2229,2290,False,True
z_permutacja,142,21260666,0.5398,0.9052,2699,4526,2229,2297,True,False
z_permutacja,143,21260667,0.5714,0.9104,2857,4552,2312,2240,False,True
z_permutacja,144,21260668,0.5826,0.907,2913,4535,2231,2304,True,False
z_permutacja,145,21260669,0.5494,0.907,2747,4535,2277,2258,True,False
z_permutacja,146,21260670,0.5744,0.9068,2872,4534,2248,2286,True,False
z_permutacja,147,21260671,0.5536,0.904,2768,4520,2269,2251,False,True
z_permutacja,148,21260672,0.557,0.9078,2785,4539,2279,2260,False,True
z_permutacja,149,21260673,0.5386,0.9082,2693,4541,2259,2282,False,True
z_permutacja,150,21260674,0.519,0.9058,2595,4529,2232,2297,True,False
z_permutacja,151,21260675,0.5628,0.9078,2814,4539,2304,2235,False,True
z_permutacja,152,21260676,0.5408,0.9056,2704,4528,2315,2213,True,False
z_permutacja,153,21260677,0.5702,0.9084,2851,4542,2207,2335,True,False
z_permutacja,154,21260678,0.5482,0.907,2741,4535,2283,2252,True,True
z_permutacja,155,21260679,0.5154,0.9072,2577,4536,2248,2288,True,False
z_permutacja,156,21260680,0.5232,0.9092,2616,4546,2282,2264,False,True
z_permutacja,157,21260681,0.565,0.9048,2825,4524,2264,2260,True,False
z_permutacja,158,21260682,0.5566,0.911,2783,4555,2263,2292,True,False
z_permutacja,159,21260683,0.5842,0.9026,2921,4513,2219,2294,True,True
z_permutacja,160,21260684,0.549,0.905,2745,4525,2255,2270,True,False
z_permutacja,161,21260685,0.556,0.9084,2780,4542,2271,2271,True,False
z_permutacja,162,21260686,0.5448,0.9056,2724,4528,2275,2253,True,False
z_permutacja,163,21260687,0.5544,0.9056,2772,4528,2209,2319,True,False
z_permutacja,164,21260688,0.5314,0.905,2657,4525,2242,2283,False,True
z_permutacja,165,21260689,0.5584,0.9074,2792,4537,2321,2216,False,True
z_permutacja,166,21260690,0.5536,0.9052,2768,4526,2256,2270,False,True
z_permutacja,167,21260691,0.5562,0.9064,2781,4532,2234,2298,False,True
z_permutacja,168,21260692,0.5592,0.9066,2796,4533,2311,2222,True,False
z_permutacja,169,21260693,0.5554,0.9106,2777,4553,2274,2279,False,True
z_permutacja,170,21260694,0.57,0.9044,2850,4522,2248,2274,False,True
z_permutacja,171,21260695,0.548,0.9028,2740,4514,2198,2316,True,False
z_permutacja,172,21260696,0.5432,0.9074,2716,4537,2229,2308,True,False
z_permutacja,173,21260697,0.547,0.9084,2735,4542,2332,2210,False,True
z_permutacja,174,21260698,0.5524,0.908,2762,4540,2246,2294,False,True
z_permutacja,175,21260699,0.5382,0.9082,2691,4541,2234,2307,False,True
z_permutacja,176,21260700,0.5664,0.9108,2832,4554,2194,2360,True,False
z_permutacja,177,21260701,0.559,0.907,2795,4535,2266,2269,True,False
z_permutacja,178,21260702,0.5496,0.9036,2748,4518,2219,2299,True,False
z_permutacja,179,21260703,0.5538,0.9088,2769,4544,2259,2285,True,False
z_permutacja,180,21260704,0.5276,0.9078,2638,4539,2317,2222,False,True
z_permutacja,181,21260705,0.5672,0.9056,2836,4528,2228,2300,True,True
z_permutacja,182,21260706,0.5506,0.9086,2753,4543,2266,2277,False,True
z_permutacja,183,21260707,0.538,0.9036,2690,4518,2212,2306,False,True
z_permutacja,184,21260708,0.553,0.9038,2765,4519,2178,2341,False,True
z_permutacja,185,21260709,0.5378,0.9092,2689,4546,2288,2258,True,False
z_permutacja,186,21260710,0.5376,0.9074,2688,4537,2254,2283,False,True
z_permutacja,187,21260711,0.5642,0.9084,2821,4542,2266,2276,False,True
z_permutacja,188,21260712,0.5574,0.9068,2787,4534,2216,2318,True,False
z_permutacja,189,21260713,0.5512,0.9086,2756,4543,2218,2325,False,True
z_permutacja,190,21260714,0.5456,0.9112,2728,4556,2270,2286,True,True
z_permutacja,191,21260715,0.5576,0.9094,2788,4547,2291,2256,True,True
z_permutacja,192,21260716,0.5602,0.9062,2801,4531,2194,2337,True,True
z_permutacja,193,21260717,0.5432,0.9078,2716,4539,2263,2276,True,True
z_permutacja,194,21260718,0.5344,0.9064,2672,4532,2311,2221,False,True
z_permutacja,195,21260719,0.5542,0.9106,2771,4553,2304,2249,False,True
z_permutacja,196,21260720,0.5736,0.9038,2868,4519,2307,2212,True,True
z_permutacja,197,21260721,0.568,0.9098,2840,4549,2323,2226,True,True
z_permutacja,198,21260722,0.5328,0.9068,2664,4534,2247,2287,False,True
z_permutacja,199,21260723,0.5458,0.907,2729,4535,2345,2190,False,True
z_permutacja,200,21260724,0.5654,0.9086,2827,4543,2221,2322,True,False
z_permutacja,201,21260725,0.5438,0.91,2719,4550,2272,2278,True,True
z_permutacja,202,21260726,0.536,0.9054,2680,4527,2325,2202,False,True
z_permutacja,203,21260727,0.5556,0.9078,2778,4539,2287,2252,True,False
z_permutacja,204,21260728,0.5298,0.9048,2649,4524,2270,2254,True,False
z_permutacja,205,21260729,0.5542,0.9116,2771,4558,2205,2353,True,False
z_permutacja,206,21260730,0.5652,0.9054,2826,4527,2291,2236,True,True
z_permutacja,207,21260731,0.5728,0.9072,2864,4536,2333,2203,False,True
z_permutacja,208,21260732,0.5304,0.903,2652,4515,2235,2280,True,False
z_permutacja,209,21260733,0.5258,0.9096,2629,4548,2256,2292,True,False
z_permutacja,210,21260734,0.5618,0.911,2809,4555,2243,2312,True,False
z_permutacja,211,21260735,0.532,0.9064,2660,4532,2229,2303,False,True
z_permutacja,212,21260736,0.5614,0.9074,2807,4537,2300,2237,True,False
z_permutacja,213,21260737,0.5512,0.9,2756,4500,2204,2296,True,False
z_permutacja,214,21260738,0.5216,0.9056,2608,4528,2241,2287,True,False
z_permutacja,215,21260739,0.5616,0.9066,2808,4533,2296,2237,True,True
z_permutacja,216,21260740,0.5654,0.9032,2827,4516,2262,2254,True,False
z_permutacja,217,21260741,0.5456,0.9086,2728,4543,2210,2333,False,True
z_permutacja,218,21260742,0.5584,0.9028,2792,4514,2227,2287,True,False
z_permutacja,219,21260743,0.564,0.9048,2820,4524,2217,2307,True,False
z_permutacja,220,21260744,0.544,0.904,2720,4520,2288,2232,True,False
z_permutacja,221,21260745,0.5454,0.906,2727,4530,2240,2290,True,False
z_permutacja,222,21260746,0.5518,0.9086,2759,4543,2337,2206,True,False
z_permutacja,223,21260747,0.5708,0.91,2854,4550,2215,2335,True,False
z_permutacja,224,21260748,0.5628,0.9088,2814,4544,2268,2276,False,True
z_permutacja,225,21260749,0.538,0.9042,2690,4521,2245,2276,False,True
z_permutacja,226,21260750,0.5462,0.904,2731,4520,2256,2264,False,True
z_permutacja,227,21260751,0.5542,0.9092,2771,4546,2269,2277,True,True
z_permutacja,228,21260752,0.5822,0.9052,2911,4526,2274,2252,True,True
z_permutacja,229,21260753,0.5518,0.9094,2759,4547,2261,2286,False,True
z_permutacja,230,21260754,0.5812,0.9036,2906,4518,2276,2242,True,True
z_permutacja,231,21260755,0.5434,0.9054,2717,4527,2282,2245,True,False
z_permutacja,232,21260756,0.5236,0.911,2618,4555,2288,2267,True,False
z_permutacja,233,21260757,0.5392,0.9094,2696,4547,2201,2346,True,False
z_permutacja,234,21260758,0.5882,0.9062,2941,4531,2240,2291,True,True
z_permutacja,235,21260759,0.544,0.9026,2720,4513,2270,2243,False,True
z_permutacja,236,21260760,0.5452,0.904,2726,4520,2251,2269,False,True
z_permutacja,237,21260761,0.5548,0.9,2774,4500,2272,2228,True,False
z_permutacja,238,21260762,0.5528,0.9086,2764,4543,2260,2283,True,True
z_permutacja,239,21260763,0.5724,0.9072,2862,4536,2269,2267,False,True
z_permutacja,240,21260764,0.552,0.9078,2760,4539,2260,2279,True,False
z_permutacja,241,21260765,0.5398,0.9082,2699,4541,2335,2206,False,True
z_permutacja,242,21260766,0.5398,0.9012,2699,4506,2241,2265,False,True
z_permutacja,243,21260767,0.5262,0.9008,2631,4504,2256,2248,True,False
z_permutacja,244,21260768,0.579,0.9084,2895,4542,2324,2218,False,True
z_permutacja,245,21260769,0.5494,0.9046,2747,4523,2243,2280,False,True
z_permutacja,246,21260770,0.5248,0.903,2624,4515,2278,2237,True,False
z_permutacja,247,21260771,0.5598,0.9082,2799,4541,2279,2262,False,True
z_permutacja,248,21260772,0.516,0.9068,2580,4534,2251,2283,True,False
z_permutacja,249,21260773,0.5508,0.9016,2754,4508,2255,2253,False,True
z_permutacja,250,21260774,0.525,0.9036,2625,4518,2288,2230,False,True
z_permutacja,251,21260775,0.5232,0.9046,2616,4523,2179,2344,True,False
z_permutacja,252,21260776,0.5538,0.9062,2769,4531,2261,2270,True,False
z_permutacja,253,21260777,0.565,0.9088,2825,4544,2250,2294,False,True
z_permutacja,254,21260778,0.5326,0.9066,2663,4533,2241,2292,False,True
z_permutacja,255,21260779,0.5538,0.9086,2769,4543,2251,2292,False,True
z_permutacja,256,21260780,0.5026,0.9134,2513,4567,2346,2221,False,True
z_permutacja,257,21260781,0.5668,0.9068,2834,4534,2200,2334,True,False
z_permutacja,258,21260782,0.559,0.904,2795,4520,2219,2301,True,False
z_permutacja,259,21260783,0.5586,0.9062,2793,4531,2330,2201,False,True
z_permutacja,260,21260784,0.5422,0.9084,2711,4542,2255,2287,False,True
z_permutacja,261,21260785,0.5458,0.9066,2729,4533,2237,2296,True,False
z_permutacja,262,21260786,0.5406,0.9082,2703,4541,2293,2248,True,False
z_permutacja,263,21260787,0.5518,0.9028,2759,4514,2287,2227,False,True
z_permutacja,264,21260788,0.5518,0.9044,2759,4522,2326,2196,False,True
z_permutacja,265,21260789,0.54,0.906,2700,4530,2221,2309,True,False
z_permutacja,266,21260790,0.527,0.9082,2635,4541,2314,2227,True,False
z_permutacja,267,21260791,0.5568,0.9048,2784,4524,2243,2281,False,True
z_permutacja,268,21260792,0.5676,0.9066,2838,4533,2266,2267,True,False
z_permutacja,269,21260793,0.563,0.9066,2815,4533,2207,2326,True,False
z_permutacja,270,21260794,0.5524,0.9104,2762,4552,2296,2256,False,True
z_permutacja,271,21260795,0.5688,0.9074,2844,4537,2248,2289,True,False
z_permutacja,272,21260796,0.5704,0.9114,2852,4557,2170,2387,True,False
z_permutacja,273,21260797,0.578,0.9066,2890,4533,2306,2227,True,True
z_permutacja,274,21260798,0.5264,0.9026,2632,4513,2273,2240,True,False
z_permutacja,275,21260799,0.5444,0.9076,2722,4538,2334,2204,False,True
z_permutacja,276,21260800,0.5488,0.9102,2744,4551,2263,2288,True,False
z_permutacja,277,21260801,0.5488,0.9062,2744,4531,2190,2341,True,False
z_permutacja,278,21260802,0.5668,0.9044,2834,4522,2197,2325,True,False
z_permutacja,279,21260803,0.5504,0.9074,2752,4537,2249,2288,False,True
z_permutacja,280,21260804,0.566,0.9064,2830,4532,2228,2304,True,False
z_permutacja,281,21260805,0.5602,0.9026,2801,4513,2267,2246,False,True
z_permutacja,282,21260806,0.5546,0.9044,2773,4522,2244,2278,False,True
z_permutacja,283,21260807,0.5582,0.9042,2791,4521,2227,2294,True,True
z_permutacja,284,21260808,0.5554,0.9098,2777,4549,2255,2294,True,False
z_permutacja,285,21260809,0.546,0.9058,2730,4529,2272,2257,False,True
z_permutacja,286,21260810,0.533,0.9098,2665,4549,2262,2287,False,True
z_permutacja,287,21260811,0.5598,0.9036,2799,4518,2290,2228,True,False
z_permutacja,288,21260812,0.565,0.9054,2825,4527,2295,2232,True,False
z_permutacja,289,21260813,0.5536,0.9066,2768,4533,2351,2182,True,False
z_permutacja,290,21260814,0.5478,0.9116,2739,4558,2274,2284,False,True
z_permutacja,291,21260815,0.5258,0.9076,2629,4538,2291,2247,False,True
z_permutacja,292,21260816,0.562,0.908,2810,4540,2289,2251,True,False
z_permutacja,293,21260817,0.557,0.9066,2785,4533,2303,2230,False,True
z_permutacja,294,21260818,0.5344,0.9058,2672,4529,2304,2225,False,True
z_permutacja,295,21260819,0.5446,0.907,2723,4535,2299,2236,True,True
z_permutacja,296,21260820,0.5334,0.9034,2667,4517,2231,2286,False,True
z_permutacja,297,21260821,0.5694,0.9042,2847,4521,2232,2289,True,True
z_permutacja,298,21260822,0.569,0.9036,2845,4518,2207,2311,True,False
z_permutacja,299,21260823,0.5602,0.9044,2801,4522,2242,2280,False,True
z_permutacja,300,21260824,0.5708,0.905,2854,4525,2269,2256,False,True
z_permutacja,301,21260825,0.5708,0.9018,2854,4509,2226,2283,True,False
z_permutacja,302,21260826,0.5594,0.9038,2797,4519,2271,2248,True,True
z_permutacja,303,21260827,0.5268,0.9064,2634,4532,2268,2264,True,False
z_permutacja,304,21260828,0.569,0.904,2845,4520,2258,2262,True,False
z_permutacja,305,21260829,0.544,0.9088,2720,4544,2264,2280,False,True
z_permutacja,306,21260830,0.53,0.9074,2650,4537,2265,2272,False,True
z_permutacja,307,21260831,0.5198,0.904,2599,4520,2294,2226,False,True
z_permutacja,308,21260832,0.5628,0.9096,2814,4548,2244,2304,False,True
z_permutacja,309,21260833,0.534,0.9064,2670,4532,2293,2239,True,False
z_permutacja,310,21260834,0.5514,0.9054,2757,4527,2272,2255,True,False
z_permutacja,311,21260835,0.559,0.9068,2795,4534,2352,2182,True,False
z_permutacja,312,21260836,0.5636,0.9068,2818,4534,2319,2215,True,False
z_permutacja,313,21260837,0.5398,0.9064,2699,4532,2290,2242,True,False
z_permutacja,314,21260838,0.5582,0.9048,2791,4524,2242,2282,True,False
z_permutacja,315,21260839,0.5552,0.9042,2776,4521,2196,2325,True,True
z_permutacja,316,21260840,0.5428,0.9028,2714,4514,2272,2242,False,True
z_permutacja,317,21260841,0.541,0.9096,2705,4548,2295,2253,False,True
z_permutacja,318,21260842,0.5588,0.9062,2794,4531,2214,2317,True,True
z_permutacja,319,21260843,0.5302,0.9076,2651,4538,2263,2275,True,False
z_permutacja,320,21260844,0.5724,0.9036,2862,4518,2201,2317,True,False
z_permutacja,321,21260845,0.5616,0.9046,2808,4523,2236,2287,True,False
z_permutacja,322,21260846,0.5516,0.9096,2758,4548,2276,2272,False,True
z_permutacja,323,21260847,0.553,0.9068,2765,4534,2264,2270,True,False
z_permutacja,324,21260848,0.5312,0.904,2656,4520,2213,2307,False,True
z_permutacja,325,21260849,0.5276,0.9058,2638,4529,2232,2297,True,False
z_permutacja,326,21260850,0.5508,0.9044,2754,4522,2286,2236,True,False
z_permutacja,327,21260851,0.5448,0.91,2724,4550,2322,2228,True,False
z_permutacja,328,21260852,0.525,0.9016,2625,4508,2279,2229,False,True
z_permutacja,329,21260853,0.5264,0.9056,2632,4528,2249,2279,False,True
z_permutacja,330,21260854,0.543,0.9082,2715,4541,2310,2231,False,True
z_permutacja,331,21260855,0.5444,0.9006,2722,4503,2244,2259,False,True
z_permutacja,332,21260856,0.5356,0.901,2678,4505,2237,2268,True,False
z_permutacja,333,21260857,0.5596,0.9062,2798,4531,2215,2316,True,False
z_permutacja,334,21260858,0.5508,0.9054,2754,4527,2246,2281,True,False
z_permutacja,335,21260859,0.5308,0.9062,2654,4531,2316,2215,False,True
z_permutacja,336,21260860,0.5424,0.9074,2712,4537,2260,2277,False,True
z_permutacja,337,21260861,0.5408,0.9032,2704,4516,2254,2262,False,True
z_permutacja,338,21260862,0.5156,0.9058,2578,4529,2333,2196,True,False
z_permutacja,339,21260863,0.5478,0.9006,2739,4503,2235,2268,True,False
z_permutacja,340,21260864,0.528,0.9088,2640,4544,2251,2293,False,True
z_permutacja,341,21260865,0.5566,0.9006,2783,4503,2230,2273,False,True
z_permutacja,342,21260866,0.557,0.9098,2785,4549,2240,2309,True,False
z_permutacja,343,21260867,0.543,0.9072,2715,4536,2230,2306,False,True
z_permutacja,344,21260868,0.5498,0.9074,2749,4537,2249,2288,False,True
z_permutacja,345,21260869,0.5196,0.9068,2598,4534,2318,2216,True,False
z_permutacja,346,21260870,0.5452,0.9028,2726,4514,2294,2220,True,False
z_permutacja,347,21260871,0.5692,0.9046,2846,4523,2249,2274,False,True
z_permutacja,348,21260872,0.548,0.9062,2740,4531,2241,2290,False,True
z_permutacja,349,21260873,0.5262,0.9026,2631,4513,2286,2227,True,False
z_permutacja,350,21260874,0.5414,0.9058,2707,4529,2271,2258,False,True
z_permutacja,351,21260875,0.5634,0.9034,2817,4517,2273,2244,True,True
z_permutacja,352,21260876,0.561,0.9066,2805,4533,2282,2251,False,True
z_permutacja,353,21260877,0.5616,0.9084,2808,4542,2288,2254,True,False
z_permutacja,354,21260878,0.5606,0.9048,2803,4524,2277,2247,True,False
z_permutacja,355,21260879,0.5482,0.9052,2741,4526,2230,2296,False,True
z_permutacja,356,21260880,0.5626,0.906,2813,4530,2212,2318,True,False
z_permutacja,357,21260881,0.5572,0.904,2786,4520,2235,2285,False,True
z_permutacja,358,21260882,0.5624,0.9088,2812,4544,2297,2247,False,True
z_permutacja,359,21260883,0.5472,0.906,2736,4530,2319,2211,True,False
z_permutacja,360,21260884,0.527,0.9104,2635,4552,2260,2292,False,True
z_permutacja,361,21260885,0.5406,0.9064,2703,4532,2292,2240,False,True
z_permutacja,362,21260886,0.5782,0.91,2891,4550,2319,2231,True,False
z_permutacja,363,21260887,0.5602,0.905,2801,4525,2262,2263,True,False
z_permutacja,364,21260888,0.5412,0.9056,2706,4528,2294,2234,False,True
z_permutacja,365,21260889,0.5464,0.9078,2732,4539,2312,2227,True,False
z_permutacja,366,21260890,0.5226,0.9076,2613,4538,2290,2248,False,True
z_permutacja,367,21260891,0.544,0.9014,2720,4507,2303,2204,True,False
z_permutacja,368,21260892,0.5604,0.9074,2802,4537,2264,2273,False,True
z_permutacja,369,21260893,0.539,0.9076,2695,4538,2270,2268,True,False
z_permutacja,370,21260894,0.5304,0.9038,2652,4519,2283,2236,False,True
z_permutacja,371,21260895,0.5376,0.9056,2688,4528,2279,2249,True,False
z_permutacja,372,21260896,0.5746,0.9048,2873,4524,2296,2228,False,True
z_permutacja,373,21260897,0.5442,0.9066,2721,4533,2287,2246,True,False
z_permutacja,374,21260898,0.536,0.9036,2680,4518,2210,2308,True,False
z_permutacja,375,21260899,0.5774,0.9058,2887,4529,2288,2241,False,True
z_permutacja,376,21260900,0.565,0.9076,2825,4538,2321,2217,False,True
z_permutacja,377,21260901,0.5424,0.9072,2712,4536,2277,2259,True,False
z_permutacja,378,21260902,0.5582,0.9066,2791,4533,2263,2270,True,False
z_permutacja,379,21260903,0.5578,0.9056,2789,4528,2300,2228,False,True
z_permutacja,380,21260904,0.5638,0.9074,2819,4537,2266,2271,False,True
z_permutacja,381,21260905,0.572,0.9098,2860,4549,2333,2216,True,True
z_permutacja,382,21260906,0.5576,0.9068,2788,4534,2223,2311,False,True
z_permutacja,383,21260907,0.5784,0.9082,2892,4541,2277,2264,True,False
z_permutacja,384,21260908,0.5596,0.9062,2798,4531,2177,2354,True,False
z_permutacja,385,21260909,0.5556,0.9042,2778,4521,2313,2208,True,True
z_permutacja,386,21260910,0.5512,0.9098,2756,4549,2275,2274,True,False
z_permutacja,387,21260911,0.5494,0.9068,2747,4534,2278,2256,True,False
z_permutacja,388,21260912,0.5504,0.907,2752,4535,2268,2267,True,False
z_permutacja,389,21260913,0.5548,0.9088,2774,4544,2239,2305,False,True
z_permutacja,390,21260914,0.5746,0.9092,2873,4546,2255,2291,False,True
z_permutacja,391,21260915,0.5404,0.9064,2702,4532,2276,2256,False,True
z_permutacja,392,21260916,0.5222,0.9112,2611,4556,2297,2259,True,False
z_permutacja,393,21260917,0.5534,0.9074,2767,4537,2285,2252,True,True
z_permutacja,394,21260918,0.5344,0.9062,2672,4531,2174,2357,True,False
z_permutacja,395,21260919,0.5618,0.9122,2809,4561,2282,2279,True,False
z_permutacja,396,21260920,0.5516,0.9082,2758,4541,2280,2261,True,False
z_permutacja,397,21260921,0.5144,0.9086,2572,4543,2238,2305,False,True
z_permutacja,398,21260922,0.5316,0.9062,2658,4531,2312,2219,True,False
z_permutacja,399,21260923,0.5574,0.9052,2787,4526,2288,2238,False,True
z_permutacja,400,21260924,0.558,0.9046,2790,4523,2298,2225,False,True
z_permutacja,401,21260925,0.5586,0.9072,2793,4536,2249,2287,True,False
z_permutacja,402,21260926,0.5452,0.9112,2726,4556,2243,2313,True,False
z_permutacja,403,21260927,0.5502,0.9028,2751,4514,2228,2286,True,True
z_permutacja,404,21260928,0.5586,0.9062,2793,4531,2298,2233,False,True
z_permutacja,405,21260929,0.5666,0.9082,2833,4541,2300,2241,False,True
z_permutacja,406,21260930,0.5486,0.912,2743,4560,2336,2224,True,False
z_permutacja,407,21260931,0.571,0.9072,2855,4536,2272,2264,True,False
z_permutacja,408,21260932,0.5574,0.9064,2787,4532,2322,2210,True,False
z_permutacja,409,21260933,0.5598,0.9008,2799,4504,2229,2275,False,True
z_permutacja,410,21260934,0.5556,0.9004,2778,4502,2264,2238,True,False
z_permutacja,411,21260935,0.518,0.9064,2590,4532,2273,2259,True,False
z_permutacja,412,21260936,0.5636,0.9106,2818,4553,2304,2249,True,False
z_permutacja,413,21260937,0.5252,0.9044,2626,4522,2249,2273,False,True
z_permutacja,414,21260938,0.5298,0.9058,2649,4529,2213,2316,True,False
z_permutacja,415,21260939,0.539,0.9064,2695,4532,2365,2167,True,False
z_permutacja,416,21260940,0.5574,0.9072,2787,4536,2233,2303,True,False
z_permutacja,417,21260941,0.5418,0.9082,2709,4541,2267,2274,True,False
z_permutacja,418,21260942,0.5784,0.9038,2892,4519,2281,2238,True,False
z_permutacja,419,21260943,0.5006,0.9046,2503,4523,2330,2193,False,True
z_permutacja,420,21260944,0.5432,0.9062,2716,4531,2254,2277,True,False
z_permutacja,421,21260945,0.5524,0.9074,2762,4537,2261,2276,False,True
z_permutacja,422,21260946,0.5724,0.9096,2862,4548,2193,2355,True,False
z_permutacja,423,21260947,0.5782,0.9052,2891,4526,2265,2261,True,False
z_permutacja,424,21260948,0.538,0.907,2690,4535,2279,2256,True,False
z_permutacja,425,21260949,0.5246,0.9078,2623,4539,2232,2307,True,False
z_permutacja,426,21260950,0.5412,0.9114,2706,4557,2284,2273,True,False
z_permutacja,427,21260951,0.537,0.9088,2685,4544,2258,2286,True,False
z_permutacja,428,21260952,0.5286,0.9048,2643,4524,2265,2259,False,True
z_permutacja,429,21260953,0.5562,0.9036,2781,4518,2283,2235,True,False
z_permutacja,430,21260954,0.5702,0.913,2851,4565,2308,2257,True,False
z_permutacja,431,21260955,0.5456,0.9026,2728,4513,2240,2273,True,False
z_permutacja,432,21260956,0.5266,0.9056,2633,4528,2227,2301,False,True
z_permutacja,433,21260957,0.5462,0.9122,2731,4561,2262,2299,True,False
z_permutacja,434,21260958,0.5328,0.9102,2664,4551,2286,2265,True,False
z_permutacja,435,21260959,0.5526,0.9082,2763,4541,2186,2355,False,True
z_permutacja,436,21260960,0.5574,0.9044,2787,4522,2280,2242,False,True
z_permutacja,437,21260961,0.5458,0.9102,2729,4551,2286,2265,False,True
z_permutacja,438,21260962,0.5446,0.906,2723,4530,2342,2188,True,False
z_permutacja,439,21260963,0.5652,0.909,2826,4545,2331,2214,True,False
z_permutacja,440,21260964,0.538,0.9088,2690,4544,2242,2302,True,False
z_permutacja,441,21260965,0.5774,0.9046,2887,4523,2315,2208,False,True
z_permutacja,442,21260966,0.542,0.904,2710,4520,2340,2180,False,True
z_permutacja,443,21260967,0.5386,0.9038,2693,4519,2272,2247,False,True
z_permutacja,444,21260968,0.5676,0.9024,2838,4512,2250,2262,False,True
z_permutacja,445,21260969,0.52,0.9056,2600,4528,2228,2300,True,False
z_permutacja,446,21260970,0.5518,0.8998,2759,4499,2292,2207,True,True
z_permutacja,447,21260971,0.5366,0.9058,2683,4529,2301,2228,True,False
z_permutacja,448,21260972,0.5664,0.9036,2832,4518,2189,2329,True,True
z_permutacja,449,21260973,0.5526,0.9088,2763,4544,2297,2247,False,True
z_permutacja,450,21260974,0.549,0.91,2745,4550,2223,2327,True,False
z_permutacja,451,21260975,0.5508,0.906,2754,4530,2234,2296,True,False
z_permutacja,452,21260976,0.556,0.9028,2780,4514,2214,2300,False,True
z_permutacja,453,21260977,0.5084,0.9104,2542,4552,2284,2268,False,True
z_permutacja,454,21260978,0.5346,0.9074,2673,4537,2308,2229,False,True
z_permutacja,455,21260979,0.5422,0.907,2711,4535,2300,2235,False,True
z_permutacja,456,21260980,0.5624,0.9098,2812,4549,2315,2234,False,True
z_permutacja,457,21260981,0.5364,0.905,2682,4525,2205,2320,True,False
z_permutacja,458,21260982,0.5256,0.906,2628,4530,2211,2319,True,False
z_permutacja,459,21260983,0.566,0.904,2830,4520,2309,2211,True,False
z_permutacja,460,21260984,0.5572,0.9046,2786,4523,2344,2179,False,True
z_permutacja,461,21260985,0.5384,0.9082,2692,4541,2253,2288,False,True
z_permutacja,462,21260986,0.5312,0.9046,2656,4523,2277,2246,False,True
z_permutacja,463,21260987,0.5594,0.9064,2797,4532,2238,2294,False,True
z_permutacja,464,21260988,0.551,0.9098,2755,4549,2270,2279,True,False
z_permutacja,465,21260989,0.5386,0.9064,2693,4532,2316,2216,False,True
z_permutacja,466,21260990,0.5532,0.912,2766,4560,2302,2258,False,True
z_permutacja,467,21260991,0.5598,0.909,2799,4545,2284,2261,False,True
z_permutacja,468,21260992,0.5676,0.9042,2838,4521,2196,2325,False,True
z_permutacja,469,21260993,0.5454,0.9084,2727,4542,2265,2277,True,False
z_permutacja,470,21260994,0.535,0.9014,2675,4507,2213,2294,True,False
z_permutacja,471,21260995,0.54,0.912,2700,4560,2284,2276,True,False
z_permutacja,472,21260996,0.5366,0.906,2683,4530,2220,2310,False,True
z_permutacja,473,21260997,0.5604,0.9048,2802,4524,2235,2289,False,True
z_permutacja,474,21260998,0.5558,0.9092,2779,4546,2216,2330,True,False
z_permutacja,475,21260999,0.5572,0.9066,2786,4533,2227,2306,True,False
z_permutacja,476,21261000,0.5486,0.907,2743,4535,2274,2261,False,True
z_permutacja,477,21261001,0.5606,0.9054,2803,4527,2257,2270,False,True
z_permutacja,478,21261002,0.5526,0.9072,2763,4536,2258,2278,False,True
z_permutacja,479,21261003,0.5502,0.909,2751,4545,2329,2216,True,True
z_permutacja,480,21261004,0.5382,0.9048,2691,4524,2273,2251,True,False
z_permutacja,481,21261005,0.5464,0.9064,2732,4532,2283,2249,True,False
z_permutacja,482,21261006,0.5486,0.9088,2743,4544,2301,2243,True,False
z_permutacja,483,21261007,0.5448,0.905,2724,4525,2305,2220,False,True
z_permutacja,484,21261008,0.5576,0.905,2788,4525,2291,2234,True,False
z_permutacja,485,21261009,0.5422,0.9056,2711,4528,2297,2231,True,False
z_permutacja,486,21261010,0.5648,0.9046,2824,4523,2152,2371,True,False
z_permutacja,487,21261011,0.568,0.9074,2840,4537,2233,2304,False,True
z_permutacja,488,21261012,0.5832,0.9088,2916,4544,2332,2212,False,True
z_permutacja,489,21261013,0.562,0.9062,2810,4531,2246,2285,True,False
z_permutacja,490,21261014,0.5414,0.9044,2707,4522,2253,2269,False,True
z_permutacja,491,21261015,0.5454,0.9064,2727,4532,2245,2287,True,False
z_permutacja,492,21261016,0.566,0.913,2830,4565,2264,2301,False,True
z_permutacja,493,21261017,0.575,0.9072,2875,4536,2300,2236,False,True
z_permutacja,494,21261018,0.5274,0.9078,2637,4539,2317,2222,True,False
z_permutacja,495,21261019,0.5672,0.9094,2836,4547,2309,2238,True,False
z_permutacja,496,21261020,0.5786,0.9016,2893,4508,2269,2239,True,False
z_permutacja,497,21261021,0.5762,0.9064,2881,4532,2265,2267,True,True
z_permutacja,498,21261022,0.5582,0.9092,2791,4546,2261,2285,True,True
z_permutacja,499,21261023,0.5812,0.9058,2906,4529,2218,2311,True,False
z_permutacja,500,21261024,0.5788,0.9054,2894,4527,2247,2280,True,False
